iter	Logloss
0	0.3815908947
1	0.2060430928
2	0.1346598127
3	0.084996839
4	0.05532262542
5	0.04411356666
6	0.03598548282
7	0.02668729479
8	0.02369199233
9	0.01834144592
